rahulptl556
Personalize Your Outreach: Customize your messages to HR
professionals, highlighting relevant skills and experiences
that align with their industry or company.
Cold Email Strategies: Craft concise, engaging emails when
reaching out to HR professionals. Grab attention with an
enticing subject line, personalize the content, and clearly
articulate the value you can bring.
Leverage LinkedIn: Connect with HR professionals on
LinkedIn, sending personalized connection requests and
engaging with their content.
Combine Strategies: Maximize your job search efforts by
using this list in conjunction with other strategies such as
job boards, career websites, recruiters, and personal
referrals.
Welcome to your ultimate resource for job search
success! Inside this PDF, you'll find a curated list of
150+ HR professionals, including their email
addresses and LinkedIn profiles. Here's how to make
the most of this valuable resource:
1.
2.
3.
4.
A Curated List of HR
Professionals
CREDIT : Ankit (Founder Linkup)
150+ HR Contacts with Emails and LinkedIn Profiles
First Name Last 
Name
Email & Linkedin Url
Sourabh Kane sourabh.kane@pvcleanmobility.com
http://www.linkedin.com/in/sourabh-kane-a2
Pawan Kumar pawan.kumar@autofitltd.com
http://www.linkedin.com/in/pawankr0502
Dora Srivalli srivallid@pisquaretech.com http://www.linkedin.com/in/dorasrivalli-893 079140
Khushboo Sidana khushboo.sidana@anandgroupindia.com
http://www.linkedin.com/in/khushboosidan a
Shweta Bansal shweta.bansal@makinoindia.com
http://www.linkedin.com/in/shweta-bansal a1935816
Prajna Jain prajna.jain@bluehyundai.co.in
http://www.linkedin.com/in/prajna-jain-161 46b61
Vishakha
Anubhav
Mogral
Pathak
vishakha.mogral@ultraviolette.com
http://www.linkedin.com/in/vishakha-vishw anath-mogral669706210
anubhav.pathak@continental-engines.com
http://www.linkedin.com/in/anubhav-pathak -99a74b76
Prabhat
Dnyaneshwar
Sharma
Rathod
prabhat.sharma@tccimfg.in http://www.linkedin.com/in/prabhatsharma -74101742
dnyaneshwar.rathod@varroc.com
http://www.linkedin.com/in/dnyaneshwar-ra thod-558552ab
Jaywant Solankar jaywant.solankar@reliableautotech.com
http://www.linkedin.com/in/jaywant-solanka r-01501389
Omkar Lokhande omkar.lokhande@gns-india.com http://www.linkedin.com/in/hromkar
Nithya Reddy nithya@saabengg.com http://www.linkedin.com/in/nithya-reddy86 3887137
Lawrence K k.lawrence@ranegroup.com
http://www.linkedin.com/in/lawrence-k-21a a8215
Sunil Sharma sunil.sharma@bmw-deutschemotoren.in
http://www.linkedin.com/in/suniljksharma
Amit Singh aksingh@in.nifco.com http://www.linkedin.com/in/amit-singh4b6 6375b
JK Sahu jk.sahu@pravaig.com http://www.linkedin.com/in/jksahu
Suman Maurya hr.ho@vi-son.com http://www.linkedin.com/in/suman-maurya 
4b7292107
Happy Bhati happy@omegaseikimobility.com
http://www.linkedin.com/in/happy-bhati-15 4105165
Kapil Rana kapil@omegaseikimobility.com
http://www.linkedin.com/in/kapil-rana-96b6 7519
Sanjay Lamba sanjaylamba@bestex.co.in http://www.linkedin.com/in/sanjaylamba-2 1268498
Nikhil Kumar nikhil.kumar@electraev.com
http://www.linkedin.com/in/nikhil-kumar-02 45319
Anand R anand.pr@lismail.in http://www.linkedin.com/in/anand-p-r5260 34118
Mamta
Feeba
Singh mamta.singh@konceptmahindra.com
http://www.linkedin.com/in/mamta-singh-0 18b6b16
f@mahavirauto.com http://www.linkedin.com/in/feeba047a6aa6
Deepak
Ashutosh
Kapoor
Sinha
deepak@wasantoyotamumbai.com
http://www.linkedin.com/in/deepak-kapoor 1b531a58
ashutosh.sinha@wiggles.in http://www.linkedin.com/in/ashsinha
Sangeetha
Geetika
Jayaseelan 
Acharya
sangeetha@nextory.com
http://www.linkedin.com/in/sangeetha-jayas eelan-27904566
geetikaa@conversejob.com
http://www.linkedin.com/in/geetika-acharya -06717a19a
Pearl pearl@pearlpet.net http://www.linkedin.com/in/pearl-hr98b95 0156
Sakshi Converse sakshi@conversejob.com http://www.linkedin.com/in/sakshiconverse -19735b248
Tanusree Chanda tanusree.chanda@wiggles.in
http://www.linkedin.com/in/tanusree-chand a-aa750990
Jaya Parmar jaya@thehelloworld.com http://www.linkedin.com/in/jayaparmar-4b 958a16a
Manjusha Manne manjusha.manne@dbsmintek.com
http://www.linkedin.com/in/manjusha-man ne-74516822b
Winny Departmen t departmentw@winnyimmigration.com
http://www.linkedin.com/in/winny-hr-depar tment-964b21a1
Prabhpreet Chhabra prabhpreet.chhabra@incinque.com
http://www.linkedin.com/in/prabhpreet-chh abra-541149239
Divya Singh divya.singh@tumbledry.in http://www.linkedin.com/in/divya-singh688 046121
Sukirti Garg sukirtilovespets@supertails.com http://www.linkedin.com/in/sukirtigarg-751 41b68
Mayuri Kothavle mayuri.kothavle@stockholdingdms.com
http://www.linkedin.com/in/mayuri-kothavl e-54b2babb
Rakesh Salvi rakesh.salvi@yadavmeasurements.com
http://www.linkedin.com/in/rakesh-salvi-17 b037112
Parveen Kumar http://www.linkedin.com/in/parveen-kumar
557a781b1
Karen
Srikala
Vishant
Lobo
Pillai
Jadhav
karen@thehelloworld.com
http://www.linkedin.com/in/karennatashalo bo
srikala@coutloot.com http://www.linkedin.com/in/srikala-pillai-22
576094
vishant.jadhav@wiggles.in http://www.linkedin.com/in/vishantjadhav 82b62a1bb
Gunjan
Pallavi
Singh
Bhatnagar
gunjan@wiggles.in http://www.linkedin.com/in/gunjan-singh-87
b2a830
pallavi@conversejob.com http://www.linkedin.com/in/pallavibhatnag ar-b7a729226
Deepti Verma deepti@laundryheap.co.uk http://www.linkedin.com/in/deeptiverma30
Pratiksha Patole ppatole@mtpl.org http://www.linkedin.com/in/pratiksha-patol eb9a77660
Miloni Patil miloni.patil@startv.com http://www.linkedin.com/in/miloni-patil7a7 359188
Bijoy Francis bijoy.francis@eliteindia.com http://www.linkedin.com/in/bijoyfrancis
Poojashree R poojashree.r@skillslash.com
http://www.linkedin.com/in/poojashree-r-95 763623a
Rajni Vaid r.vaid@infonativesolutions.com http://www.linkedin.com/in/rajnivaid-89ab 61107
Ruchika Parikh ruchika.parikh@phibonacci.com
http://www.linkedin.com/in/ruchika-parikh 612638105
Sunil Kumar sunilkumar@mfinindia.org http://www.linkedin.com/in/sunilkumar-54 60a4205
Nikhil Sharma nikhil.sharma@dbmi.edu.in http://www.linkedin.com/in/nikhilsharma-a 398521b3
Venkatesh venkatesh@eluminaelearning.com.au
http://www.linkedin.com/in/venkatesh-r-184 83012
Navya Vadada navya@whizlabs.com http://www.linkedin.com/in/navyavadada-4 9498537
Melissa Pai melissa@jigsawacademy.com
http://www.linkedin.com/in/melissa-albuqu erque-pai99066015
Ishaa Shah ishaa.shah@mentoria.com http://www.linkedin.com/in/ishaashah-19b 27a190
Arshi
Siddharth
Dahma arshi@innovalance.com http://www.linkedin.com/in/arshikhatoon
siddharth.dahma@edfora.com
http://www.linkedin.com/in/siddharth-dahm a-0a56493a
Shalini
Gahlawat
Amitha
Urvashi
Malhotra
Classteach er
Rajendran 
Jibhkate
shalini.m@classteacher.com
http://www.linkedin.com/in/shalini-malhotr a-07947723
gahlawatclassteacher@classteacher.com http://www.linkedin.com/in/mr-gahlawat-hr at-classteacherelearning-co-24b91726
amitha@squarepanda.com
http://www.linkedin.com/in/amitharajendra n
urvashi.j@paradisosolutions.com
http://www.linkedin.com/in/urvashi-akash-ji bhkate-161a3116b
Neha Gupta neha@suraasa.com http://www.linkedin.com/in/neha-gupta31
Naman Joshi naman@codekaroyaaro.com
http://www.linkedin.com/in/naman-joshi-49 4217245
Arijit Purkayasth a ap@infonative.net http://www.linkedin.com/in/arijit-purkayast
ha-3819b531
Jeffisha Gr jeffisha.gr@purpletutor.com
http://www.linkedin.com/in/jeffisha-g-r-b38 484192
Divya Nain divya@mindcypress.org http://www.linkedin.com/in/divya-nainb539 561ba
Pooja Gupta pooja.gupta@vaidikedu.com
http://www.linkedin.com/in/pooja-gupta-22 4b061b0
Aarti Bhutani aartibhutani@mfinindia.org http://www.linkedin.com/in/aartibhutani-1 1314717b
Shreya Raka shreya.raka@purpletutor.com
http://www.linkedin.com/in/shreya-raka-4b3 121107
Surender Kumar surender@classteacher.com
http://www.linkedin.com/in/surender-kumar -06b6823a
Minolette Lemos minolette@squarepanda.com
http://www.linkedin.com/in/minolette-lemo s-1778691b4
Shipra Grover sgrover@apparelresources.com
http://www.linkedin.com/in/shipra-grover-1 4228514
Charu Singhvi charu.singhvi@beyoung.in http://www.linkedin.com/in/charusinghvi-3 11323a0
Chitra
Heena
Blr
Kasturi
Hedwig
Shruti
Dhar
Raina
Choudhury 
Kerketta
Vig
chitra.dhar@coats.com http://www.linkedin.com/in/chitradhar-7b5 23419
heena@menrocks.in http://www.linkedin.com/in/heena-raina63 1604226
blr@rmkv.com http://www.linkedin.com/in/blr-hr-32a41492
kasturi@neemans.com
http://www.linkedin.com/in/kasturichoudhu ry
hedwig@usplworld.com http://www.linkedin.com/in/hedwigkerkett a-75b5305
shruti.vig@john-jacobs.com http://www.linkedin.com/in/shrutivig-a49a0 435
Balaji Roy http://www.linkedin.com/in/balaji-roy-26b1
1723b
Rajeev Kumar rajeev.kumar@sabsexports.com
http://www.linkedin.com/in/rajeev-kumar-8 ba5a427
Zeel Dedhia zeel.dedhia@mirraw.com http://www.linkedin.com/in/zeeldedhia-614 620245
Trupti Bansode trupti.bansode@mirraw.com
http://www.linkedin.com/in/trupti-bansode 4912a9162
Rajiv Sharma hrd@gimatex.co.in http://www.linkedin.com/in/rajiv-sharma-99
892118
Dhana Sekar dhana.sekar@maxwellindustries.com
http://www.linkedin.com/in/dhana-sekar-51 525741
Minal Desai minal.desai@beinghumanclothing.com
http://www.linkedin.com/in/minal-desai
Charu Vats charu.vats@fablestreet.com http://www.linkedin.com/in/charuvats-a74b b423
Pardeep Kumar http://www.linkedin.com/in/pardeep-kumar
03a66319
Pujan Majumdar pujan@bombayshirts.com http://www.linkedin.com/in/pujanmajumda r-8a36732b
Sneha Singh snehasingh@myblissclub.in http://www.linkedin.com/in/snehasingh-ba 30a2a4
Prajakta Dalvi prajakta@teamhgs.com http://www.linkedin.com/in/prajaktadalvi-9 5a95417a
Sana
Anjan
Alice
Daniel
Ribadiya
George
sana.daniel@faballey.com http://www.linkedin.com/in/sanadaniel-b75 135213
anjan@neemans.com http://www.linkedin.com/in/anjan-ribadiya 
87b032b1
alice.george@vstar.in http://www.linkedin.com/in/alice-george2b 20965a
Sheetal
Ishwari
Chauhan
Lad
sheetal.chauhan@john-jacobs.com
http://www.linkedin.com/in/sheetal-chauha n
ishwari.lad@mirraw.com http://www.linkedin.com/in/ishwari-lad052 9741a0
Patel Mitul mitul@condorinblu.com http://www.linkedin.com/in/patel-mitul20b 56838
Drishti Jain drishti@beyoung.in http://www.linkedin.com/in/drishti-j%c3%a2
in-2ab2791a7
Sankar Shanmuga 
m
sankar@celebritygroup.com http://www.linkedin.com/in/sankarshanmu gam-56b79547
Keerthana Aniyan keerthana@myblissclub.in
http://www.linkedin.com/in/keerthanamaria maniyan
Bharathi R bharathi@outshiny.com http://www.linkedin.com/in/bharathi-r9062 1480
Harish Dalal harish.dalal@aqualiteindia.com
http://www.linkedin.com/in/harish-dalal-70 12a4a1
Belal Ahmad http://www.linkedin.com/in/belal-ahmad-ah
mad-3320bb2b
Sahithi Vasanthara 
o
sahithi@suta.in http://www.linkedin.com/in/sahithi-vasanth arao335b25193
Reegan A reegan.a@classicpolos.com http://www.linkedin.com/in/reegan-a1ba38 6100
Aman Mehta aman.mehta@geniemode.com http://www.linkedin.com/in/amanmehta-90 461615
Krishan Kumar http://www.linkedin.com/in/krishan-kumar
309850167
Gaurav Patel gaurav.patel@sknl.co.in http://www.linkedin.com/in/gaurav-patel71 7547ab
Ajay
Kuldeep
Shivani
Bhatia
Yadav
Maidham
ajay@evelineinternational.com http://www.linkedin.com/in/ajayeveline-bh atia-17006270
kuldeep@leinershoes.com http://www.linkedin.com/in/kuldeepyadav 9a646234
shivani.maidham@mirraw.com
http://www.linkedin.com/in/shivani-maidha m-612484242
Manjula
Ruchi
Jagan
Soorve
Verma
Durai
manjula@neemans.com http://www.linkedin.com/in/manjulasoorve -73376830
ruchi.verma@ampm.in http://www.linkedin.com/in/ruchikapoor06
jagan@srinivasafashions.com http://www.linkedin.com/in/jagandurai-939 81374
Shivani Saini shivani.saini@taruntahiliani.com
http://www.linkedin.com/in/shivani-saini-96 151813
Ankita Raj ankita@neemans.com http://www.linkedin.com/in/ankita-raj4803 b1271
Saurav Kumar saurav@lecoanethemant.com http://www.linkedin.com/in/sauravkumar-8 11b2696
Dipak Mehata dipak@magnoliablossom.com http://www.linkedin.com/in/dipakmehata-b 76b96155
Khushboo Shrivastava khushboo.s@ixfi.com http://www.linkedin.com/in/khushboo-shriv
astava-25b78684
Nishith Shetty hrmumbai@basizfa.com http://www.linkedin.com/in/nishithshetty-3 7b1596
Chhaya Mishra cmishra@maxxtrader.com
http://www.linkedin.com/in/chhayamishra
Pooja Gupta pooja.gupta@aristotleconsultancy.com
http://www.linkedin.com/in/pooja-gupta-3a 8700106
Daisy Rani daisyrani@shecommerz.com
http://www.linkedin.com/in/daisy-rani-84a6 1b1a4
Kanika Sharma kanikas@smcinvestments.co.in
http://www.linkedin.com/in/kanika-sharma 5a4432155
Siddhi Palekar siddhi@numadic.com http://www.linkedin.com/in/siddhipalekar-5 4625466
Rachana Kokate rachana.kokate@definedge.com
http://www.linkedin.com/in/rachana-kokate 646482170
Priyanka
Careers
Sathya
S
Pinnaclefin 
ancial
Mayalagu
priyanka@thegrowtharrow.com
http://www.linkedin.com/in/priyanka-s-58a0 a1190
careers.pinnaclefinancial@pnfp.com
http://www.linkedin.com/in/careers-pinnacl efinancial384018a3
sathya.m@jiraaf.com http://www.linkedin.com/in/sathyamayalag u-ab807834
Adnan
Manisha
Khan
Rajput
adnan.khan@smartowner.com
http://www.linkedin.com/in/adnan-khan-32 1b41104
manisha.rajput@clxns.in
http://www.linkedin.com/in/manisha-rajput 40126224b
Harshal Shah harshal@fno.co http://www.linkedin.com/in/harshal-shah-71
733558
Puja Chakrabort y puja@surfboard.se http://www.linkedin.com/in/pujachakrabort y-0379a0190
Ayushi Soni ayushi.soni@finwaycapital.in
http://www.linkedin.com/in/ayushi-soni-280 695141
Shradha Lawande shradha@moneyhop.co http://www.linkedin.com/in/shradhalawand e-646a94167
Muthukumar Hrd hrd@shriramfinance.in
http://www.linkedin.com/in/muthukumar-hr d-640a6321
Adhya Shinde adhya.shinde@mangalkeshav.com
http://www.linkedin.com/in/adhya-shinde-a 824b132
Monika Siwach monika@smcinvestments.co.in
http://www.linkedin.com/in/monika-siwach 49779b164
Juhi Trivedi juhitrivedi@sunidhi.com http://www.linkedin.com/in/juhi-trivedia84 ba215
Roma Rasal rrasal@technoworld.in http://www.linkedin.com/in/roma-rasal-a04
4292a
Nachiket Ingale nachiket.ingale@bourkegroup.com.au
http://www.linkedin.com/in/nachiketingale
Saranya Sathyanesa 
n
http://www.linkedin.com/in/saranya-sathyan
esan-80b899196
Hisys Igrs hisys.igrs@garda-federal.com http://www.linkedin.com/in/hisysigrs-b49a2 5ba